Adam Briska,briskaa
Alain Bernard,Alain BERNARD
Andre Weinand,aweinand
Andrew Eidsness,eidsness
Arun Thondapu,Arun Kumar
Arun Thondapu,Arun Kumar Thondapu
Axel RICHARD,Axel Richard
Benjamin Cabé,Benjamin Cabe
Brad Reynolds,breynolds
Brian de Alwis,Brian De Alwis
Brian de Alwis,Brian Dealwis
Chris Goldthorpe,Chris Goldthorep
Curtis d'Entremont,Curtis D'Entremont
Dani Megert,Daniel Megert
David E. Narvaez,David E. Narváez
Dirk Baeumer,dbaeumer
Dmitry Spiridenok,D. Spiridenok
Eduardo Hitek,eduardo
Elena Laskavaia,Alena Laskavaia
Endre Kovács,Endre Zoltan Kovacs
Fabio Zadrozny,fabioz
Gail Murphy,Gail C. Murphy
Gail Murphy,gmurphy
Greg Amerson,Gregory Amerson
Hitesh,Hitesh Soliwal
J. Langley,J Langley
James Watkins-Harvey,jwatkins
Jean-Michel Lemieux,Jean Michel-Lemieux
Jean-Michel Lemieux,jean-michel_lemieux
Jean-Michel Lemieux,jlemieux
Jens Kübler,Jens übler
Joseph Carroll,Joseph Carrol
Joshua Barkovic,josh
Kai Toedter,Kai Tödter
Kalyan Prasad Tatavarthi,Kalyan Prasad
Kim Moir,kmoir
Lakshmi Shanmugam,Lakshmi P Shanmugam
Landon Butterworth,Ratstache
Leonid Ripeynih,l.ripeynih
Marco Descher,Marco Drescher
Mark Hoffmann,mark.hoffmann
Markus Kuppe,Markus Alexander Kuppe
Matias Bargas,matiasbargas
Matt Painter,mjgp2
Matthias Nowak,Matthias P. Nowak
Maxime Porhel,Maxime PORHEL
Michael Rennie,Mike Rennie
Michael Van Meekeren,mvanmeek
Mik Kersten,mkersten
Mike_Wilson,Mike Wilson
Nicolaj Hoess,trylimits
Oleg Besedin,obesedin
Oliver Pütter,Oliver Puetter
Pablo Cabrera,pablocabrera85
R. Oldenburg,Roland Oldenburg
Randy Giffen,randyg
Rodrigo Peretti,Rodrigo Perretti
Rodrigo Peretti,rperetti
Rüdiger Herrmann,Rudiger Herrmann
Rüdiger Herrmann,Ruediger Herrmann
Sakith Indula,Sakith
Sean Young,C. Sean Young
Serge Beauchamp,sbeauchamp
Silenio Quarti,Silenio
Sopot Cela,Sopot Çela
Steve Elsemore,Stephen Elsemore
Steve Foreman,foremans
Susan McCourt,Susan Franklin
Thomas Schindl,Tom Schindl
Thomas Watson,Thoamas Watson
Tim deBoer,Timothy Deboer
Tobias Baumann,tobbaumann
Torkild Resheim,Torkild U. Resheim
Torkild Resheim,Torkild Ulvøy Resheim
Wassim Melhem,wmelhem
Wojciech Sudol,wsudol
daniel jaeger,DanielJ
maarten meijer,Maarten Meijer
saurav sarkar,ssarkar
vincent.lorenzo,Vincent Lorenzo
vincent.lorenzo,vincent lorenzo
